0,-15532,-1392,-348,1 
1,-15392,-1496,-404,1 
2,-15584,-1408,-404,1 
3,-15520,-1456,-260,1 
4,-15412,-1300,-372,1 
5,-15456,-1416,-396,1 
6,-15500,-1364,-456,1 
7,-15592,-1308,-608,1 
8,-15472,-1456,-660,1 
9,-15504,-1400,-388,1 
10,-15456,-1408,-680,1 
11,-15500,-1324,-420,1 
12,-15504,-1372,-508,1 
13,-15488,-1060,-428,1 
14,-15496,-1384,-452,1 
15,-15524,-1348,-364,1 
16,-15444,-1328,-508,1 
17,-15560,-1296,-532,1 
18,-15472,-1372,-428,1 
19,-15540,-1428,-416,1 
20,-15540,-1348,-420,1 
21,-15556,-1332,-356,1 
22,-15400,-1348,-404,1 
23,-15452,-1376,-412,1 
24,-15560,-1404,-460,1 
25,-15420,-1336,-456,1 
26,-15408,-1360,-564,1 
27,-15556,-1512,-360,1 
28,-15464,-1416,-464,1 
29,-15488,-1396,-508,1 
30,-15496,-1352,-364,1 
31,-15504,-1316,-492,1 
32,-15516,-1404,-268,1 
33,-15576,-1488,-360,1 
34,-15436,-1412,-416,1 
35,-15536,-1316,-648,1 
36,-15508,-1376,-408,1 
37,-15536,-1308,-520,1 
38,-15540,-1388,-404,1 
39,-15552,-1412,-312,1 
40,-15560,-1336,-340,1 
41,-15456,-1280,-296,1 
42,-15504,-1328,-512,1 
43,-15572,-1324,-492,1 
44,-15532,-1388,-464,1 
45,-15552,-1288,-268,1 
46,-15460,-1360,-484,1 
47,-15532,-1372,-368,1 
48,-15504,-1412,-632,1 
49,-15592,-1412,-404,1 
50,-15580,-1404,-424,1 
51,-15424,-1416,-504,1 
52,-15556,-1332,-484,1 
53,-15428,-1392,-348,1 
54,-15468,-1452,-268,1 
55,-15460,-1344,-468,1 
56,-15476,-1332,-280,1 
57,-15516,-1420,-388,1 
58,-15436,-1292,-396,1 
59,-15468,-1368,-492,1 
60,-15444,-1344,-384,1 
61,-15524,-1432,-464,1 
62,-15488,-1368,-340,1 
63,-15376,-1384,-456,1 
64,-15472,-1348,-472,1 
65,-15476,-1380,-512,1 
66,-15408,-1348,-412,1 
67,-15476,-1368,-468,1 
68,-15472,-1420,-480,1 
69,-15568,-1380,-296,1 
70,-15372,-1388,-504,1 
71,-15556,-1336,-324,1 
72,-15504,-1376,-448,1 
73,-15488,-1416,-256,1 
74,-15552,-1364,-364,1 
75,-15404,-1340,-648,1 
76,-15512,-1320,-688,1 
77,-15844,-1416,-336,1 
78,-15572,-1356,-352,1 
79,-15520,-1528,-452,1 
80,-15436,-1516,-396,1 
81,-15488,-1420,-668,1 
82,-15576,-1348,-380,1 
83,-15396,-1376,-476,1 
84,-15504,-1460,-340,1 
85,-15496,-1372,-424,1 
86,-15456,-1404,-456,1 
87,-15540,-1420,-340,1 
88,-15464,-1316,-392,1 
89,-15400,-1452,-392,1 
90,-15540,-1404,-664,1 
91,-15516,-1372,-552,1 
92,-15560,-1332,-428,1 
93,-15456,-1360,-412,1 
94,-15568,-1376,-508,1 
95,-15488,-1324,-512,1 
96,-15540,-1372,-452,1 
97,-15408,-1364,-400,1 
98,-15584,-1316,-348,1 
99,-15532,-1380,-500,1 
100,-15436,-1404,-344,1 
101,-15544,-1464,-324,1 
102,-15476,-1320,-384,1 
103,-15452,-1428,-348,1 
104,-15480,-1316,-476,1 
105,-15468,-1320,-480,1 
106,-15484,-1372,-352,1 
107,-15504,-1452,-444,1 
108,-15608,-1324,-440,1 
109,-15428,-1432,-700,1 
110,-15500,-1332,-500,1 
111,-15472,-1376,-272,1 
112,-15600,-1388,-560,1 
113,-15492,-1384,-332,1 
114,-15436,-1376,-424,1 
115,-15488,-1412,-636,1 
116,-15444,-1416,-456,1 
117,-15512,-1412,-376,1 
118,-15440,-1468,-352,1 
119,-15532,-1416,-460,1 
120,-15496,-1356,-264,1 
121,-15524,-1340,-500,1 
122,-15480,-1312,-448,1 
123,-15452,-1324,-748,1 
124,-15516,-1436,-548,1 
125,-15512,-1468,-488,1 
126,-15592,-1464,-424,1 
127,-15556,-1084,-444,1 
128,-15460,-1508,-324,1 
129,-15456,-1416,-392,1 
130,-15436,-1384,-484,1 
131,-15560,-1368,-376,1 
132,-15556,-1404,-260,1 
133,-15484,-1360,-468,1 
134,-15516,-1532,-352,1 
135,-15540,-1464,-524,1 
136,-15568,-1468,-508,1 
137,-15560,-1344,-260,1 
138,-15428,-1372,-472,1 
139,-15508,-1308,-464,1 
140,-15420,-1436,-336,1 
141,-15532,-1360,-356,1 
142,-15492,-1456,-356,1 
143,-15544,-1384,-416,1 
144,-15536,-1352,-716,1 
145,-15476,-1320,-404,1 
146,-15472,-1500,-508,1 
147,-15544,-1320,-444,1 
148,-15504,-1392,-448,1 
149,-15524,-1412,-412,1 
150,-15532,-1360,-400,1 
151,-15528,-1424,-636,1 
152,-15476,-1416,-600,1 
153,-15460,-1444,-744,1 
154,-15476,-1372,-396,1 
155,-15456,-1452,-412,1 
156,-15564,-1360,-456,1 
157,-15484,-1384,-304,1 
158,-15548,-1340,-312,1 
159,-15508,-1472,-436,1 
160,-15500,-1308,-404,1 
161,-15520,-1456,-368,1 
162,-15468,-1404,-592,1 
163,-15504,-1436,-432,1 
164,-15468,-1352,-344,1 
165,-15568,-1316,-452,1 
166,-15588,-1304,-424,1 
167,-15456,-1332,-468,1 
168,-15536,-1440,-312,1 
169,-15508,-1424,-436,1 
170,-15472,-1424,-484,1 
171,-15496,-1400,-448,1 
172,-15652,-1424,-332,1 
173,-15484,-1328,-408,1 
174,-15476,-1328,-444,1 
175,-15496,-1428,-448,1 
176,-15524,-1416,-732,1 
177,-15444,-1420,-456,1 
178,-15524,-1424,-444,1 
179,-15488,-1316,-132,1 
180,-15556,-1324,-516,1 
181,-15544,-1296,-396,1 
182,-15528,-1368,-312,1 
183,-15452,-1352,-396,1 
184,-15520,-1440,-360,1 
185,-15528,-1336,-516,1 
186,-15476,-1340,-452,1 
187,-15496,-1328,-592,1 
188,-15432,-1332,-296,1 
189,-15460,-1476,-688,1 
190,-15516,-1296,-508,1 
191,-15492,-1348,-504,1 
192,-15500,-1284,-476,1 
193,-15492,-1364,-364,1 
194,-15556,-1352,-524,1 
195,-15408,-1424,-348,1 
196,-15440,-1252,-456,1 
197,-15504,-1320,-364,1 
198,-15472,-1488,-428,1 
199,-15516,-1400,-312,1 
200,-15508,-1440,-420,1 
201,-15504,-1428,-408,1 
202,-15596,-1328,-360,1 
203,-15496,-1420,-316,1 
204,-15496,-1428,-592,1 
205,-15440,-1328,-408,1 
206,-15480,-1356,-456,1 
207,-15456,-1272,-448,1 
208,-15528,-1392,-316,1 
209,-15524,-1416,-520,1 
210,-15572,-1420,-452,1 
211,-15532,-1444,-504,1 
212,-15608,-1248,-480,1 
213,-15580,-1388,-440,1 
214,-15548,-1368,-500,1 
215,-15572,-1340,-496,1 
216,-15452,-1364,-616,1 
217,-15480,-1396,-492,1 
218,-15368,-1380,-416,1 
219,-15532,-1360,-332,1 
220,-15524,-1360,-528,1 
221,-15448,-1432,-464,1 
222,-15540,-1432,-496,1 
223,-15492,-1428,-408,1 
224,-15468,-1444,-572,1 
225,-15568,-1428,-408,1 
226,-15504,-1320,-404,1 
227,-15524,-1364,-440,1 
228,-15528,-1380,-396,1 
229,-15460,-1432,-452,1 
230,-15492,-1380,-332,1 
231,-15408,-1304,-508,1 
232,-15524,-1408,-476,1 
233,-15504,-1436,-472,1 
234,-15472,-1436,-480,1 
235,-15484,-1364,-288,1 
236,-15524,-1392,-392,1 
237,-15632,-1352,-480,1 
238,-15508,-1384,-448,1 
239,-15748,-1416,-424,1 
240,-15544,-1516,-436,1 
241,-15496,-1424,-384,1 
242,-15508,-1328,-436,1 
243,-15440,-1284,-492,1 
244,-15472,-1436,-480,1 
245,-15464,-1404,-740,1 
246,-15572,-1400,-536,1 
247,-15544,-1380,-468,1 
248,-15536,-1432,-304,1 
249,-15520,-1472,-756,1 
250,-15508,-1428,-420,1 
251,-15488,-1340,-368,1 
252,-15496,-1420,-316,1 
253,-15488,-1368,-504,1 
254,-15584,-1352,-432,1 
255,-15528,-1296,-464,1 
256,-15576,-1304,-440,1 
257,-15444,-1380,-456,1 
258,-15528,-1344,-432,1 
259,-15456,-1344,-500,1 
260,-15520,-1360,-480,1 
261,-15528,-1404,-344,1 
262,-15448,-1412,-468,1 
263,-15600,232,14544,1 
264,-32768,-976,-32536,1 
265,-32768,11268,-17380,1 
266,-32156,2584,14996,1 
267,-12440,-5868,19500,1 
268,-16860,-5484,14604,1 
269,-25816,-3472,10384,1 
270,-30716,-624,10084,1 
271,-30708,92,12500,1 
272,-30324,-264,13796,1 
273,-31500,-1848,15748,1 
274,-32188,-1952,17660,1 
275,-32296,-1024,17960,1 
276,-32768,-492,16500,1 
277,-32768,88,15460,1 
278,-32768,-200,16680,1 
279,-32768,-880,17688,1 
280,-29832,-1940,16580,1 
281,-24408,-2900,15496,1 
282,-17264,-3892,14440,1 
283,-12016,-4404,10576,1 
284,-9048,-4796,5036,1 
285,-9504,-3856,-1764,1 
286,-10704,-3072,-5620,1 
287,-11008,-2244,-10112,1 
288,-12012,-2560,-16688,1 
289,-13268,-3296,-21308,1 
290,-13800,-4288,-25732,1 
291,-13660,-4800,-28380,1 
292,-12984,-5588,-31308,1 
293,-12188,-6192,-32768,1 
294,-11384,-6996,-32768,1 
295,-9908,-7520,-32704,1 
296,-8244,-7844,-31720,1 
297,-6808,-8076,-29932,1 
298,-4096,-8552,-28188,1 
299,424,-10280,-24740,1 
300,6868,-12436,-22164,1 
301,4820,-12292,-21124,1 
302,72,-6212,-7872,1 
303,-264,4276,356,1 
304,768,32767,-32768,1 
305,14064,31172,5375,1 
306,22876,-15456,-19452,1 
307,10704,12108,15088,1 
308,6612,584,8628,1 
309,12392,5432,4508,1 
310,2252,8548,15852,1 
311,2048,4528,10556,1 
312,-340,768,12288,1 
313,-3764,-860,13680,1 
314,-2780,388,6232,1 
315,412,4796,-3608,1 
316,-5544,7872,1004,1 
317,-8604,6788,3480,1 
318,-16808,5272,-16,1 
319,-26560,3644,-9384,1 
320,-30020,4492,-17504,1 
321,-31040,5152,-14608,1 
322,-30484,5028,-4548,1 
323,-28848,3636,1372,1 
324,-26540,2812,2448,1 
325,-26400,2672,1936,1 
326,-29692,3144,1852,1 
327,-32768,4744,-2340,1 
328,-32768,5240,-5304,1 
329,-32768,4424,-3092,1 
330,-32768,3040,3940,1 
331,-32768,1860,9860,1 
332,-32768,1748,15952,1 
333,-32768,1524,19208,1 
334,-32768,1972,21220,1 
335,-32768,2104,22204,1 
336,-32768,3080,22432,1 
337,-32768,3756,21776,1 
338,-32768,4024,20808,1 
339,-32768,3448,20040,1 
340,-32768,1836,20680,1 
341,-32768,552,21328,1 
342,-32768,-144,20068,1 
343,-32768,-480,18088,1 
344,-32768,-404,15300,1 
345,-32768,-696,13260,1 
346,-32768,-1340,10824,1 
347,-32768,-2008,8472,1 
348,-31652,-3048,5124,1 
349,-29284,-3664,1360,1 
350,-27032,-4744,-1144,1 
351,-24140,-5240,-3560,1 
352,-19844,-6200,-5444,1 
353,-17204,-7236,-8664,1 
354,-15444,-8272,-12720,1 
355,-15596,-9648,-17728,1 
356,-15596,-10596,-22440,1 
357,-15044,-11708,-24852,1 
358,-12816,-12764,-25852,1 
359,-8408,-14048,-26412,1 
360,-5844,-14948,-29424,1 
361,-2660,-16116,-31428,1 
362,4704,-19356,-31392,1 
363,14996,-23428,-27956,1 
364,13384,-20196,-23408,1 
365,17512,-11656,-7584,1 
366,32680,1388,804,1 
367,32767,6060,-4416,1 
368,20216,8624,-13440,1 
369,-5684,8668,-30764,1 
370,-6040,3184,-16776,1 
371,4828,-2936,2340,1 
372,9152,-4484,9072,1 
373,5100,-1304,4420,1 
374,-7944,4764,-4164,1 
375,-26424,6988,-8980,1 
376,-32768,6896,-5540,1 
377,-32768,6096,4188,1 
378,-32768,5940,8224,1 
379,-32768,7424,13904,1 
380,-32768,10064,18188,1 
381,-32768,11268,24032,1 
382,-32768,11316,30004,1 
383,-32768,11144,32767,1 
384,-32768,11436,32767,1 
385,-32768,12188,32767,1 
386,-32768,12688,32767,1 
387,-32768,12464,32767,1 
388,-32768,11440,32767,1 
389,-32768,10840,32767,1 
390,-32768,10220,32767,1 
391,-32768,10108,32767,1 
392,-32768,9916,32767,1 
393,-32768,9284,31920,1 
394,-32768,7964,25976,1 
395,-32768,6748,18436,1 
396,-32480,5184,12232,1 
397,-31768,4136,4548,1 
398,-32184,3288,-1904,1 
399,-31912,1532,-8928,1 
400,-29452,-228,-13504,1 
401,-25992,-1800,-16916,1 
402,-23800,-3460,-21320,1 
403,-21308,-5296,-23560,1 
404,-17948,-7152,-25680,1 
405,-13168,-8940,-26984,1 
406,-9492,-10464,-27392,1 
407,-4516,-12140,-26600,1 
408,712,-14076,-24820,1 
409,4476,-16292,-23092,1 
410,10940,-17788,-23216,1 
411,16536,-19204,-22544,1 
412,24656,-19388,-21800,1 
413,23916,-14844,-17404,1 
414,32767,-1904,4436,1 
415,32767,1944,-2488,1 
416,-14180,-228,-15656,1 
417,-23680,-5532,17060,1 
418,19912,-8856,18156,1 
419,5592,-4836,10188,1 
420,-10980,-3772,16844,1 
421,-2720,-5988,19688,1 
422,-1600,-6756,18104,1 
423,-6456,-5728,17304,1 
424,-14380,-4292,15956,1 
425,-21180,-3044,16072,1 
426,-28204,-1664,16928,1 
427,-32512,840,21612,1 
428,-32768,2548,27356,1 
429,-30764,3940,32767,1 
430,-29132,5048,32767,1 
431,-29100,6368,32767,1 
432,-28380,7148,32767,1 
433,-30052,7304,32767,1 
434,-29864,6892,32767,1 
435,-25392,6636,32767,1 
436,-24116,5428,32767,1 
437,-22184,4596,32767,1 
438,-18008,2924,30832,1 
439,-16172,1768,23296,1 
440,-13604,592,17824,1 
441,-10548,-1388,10736,1 
442,-7636,-2680,3688,1 
443,-4400,-3816,-1340,1 
444,-1508,-4828,-7248,1 
445,1348,-5716,-11252,1 
446,1640,-6340,-17724,1 
447,3376,-7024,-21312,1 
448,5912,-7752,-24168,1 
449,8188,-8276,-25808,1 
450,9788,-8544,-25712,1 
451,10628,-8396,-24280,1 
452,10972,-7416,-21868,1 
453,10500,-5948,-17200,1 
454,4276,-4012,-14032,1 
455,-5852,-1548,-10492,1 
456,-12348,72,-3656,1 
457,-15152,1536,664,1 
458,-19764,2968,7912,1 
459,-24948,5012,14496,1 
460,-27140,6716,22876,1 
461,-31972,8176,29000,1 
462,-32768,9952,32767,1 
463,-32768,11344,32767,1 
464,-32768,12388,32767,1 
465,-32768,12668,32767,1 
466,-32768,12464,32767,1 
467,-32736,11340,32767,1 
468,-28088,10256,32767,1 
469,-26824,8696,32767,1 
470,-26960,7164,32767,1 
471,-26768,4740,32767,1 
472,-26416,2828,24216,1 
473,-22452,264,14348,1 
474,-16516,-2876,3312,1 
475,-7420,-5156,-5400,1 
476,-1228,-7708,-16344,1 
477,3160,-8984,-28788,1 
478,5132,-10688,-32768,1 
479,4200,-11344,-32768,1 
480,2980,-11152,-32768,1 
481,4508,-9684,-32768,1 
482,4416,-7976,-32768,1 
483,5176,-6104,-32768,1 
484,8744,-4736,-31272,1 
485,12196,-3940,-26548,1 
486,19184,-5768,-13200,1 
487,32767,-10168,11236,1 
488,32767,-8092,-7572,1 
489,15328,-6108,-32768,1 
490,-2168,-2652,-22756,1 
491,5300,-1192,-4104,1 
492,7144,-2164,-6536,1 
493,656,-3964,-14588,1 
494,-32768,20991,32767,1 
495,-15460,3172,32700,1 
496,-32768,14432,32767,1 
497,-32768,16748,32767,1 
498,-32768,17372,32767,1 
499,-32768,16032,32767,1 
500,-23444,12568,32767,1 
501,-32768,11468,32767,1 
502,-32768,9112,32767,1 
503,-32768,7188,32767,1 
504,-32768,5660,32767,1 
505,-32768,3368,30412,1 
506,-25688,-84,16312,1 
507,-15336,-5388,4744,1 
508,-8216,-10724,-11388,1 
509,-6728,-14664,-29952,1 
510,-6916,-20572,-32768,1 
511,-11484,-19860,-32768,1 
512,-13376,-14496,-32768,1 
513,-10836,-9428,-32768,1 
514,-11600,-4152,-32768,1 
515,-10692,-1828,-32768,1 
516,-2532,-1480,-32768,1 
517,19199,-3904,-22776,1 
518,32767,-13260,23200,1 
519,32767,-11072,-15168,1 
520,19044,-9784,-32768,1 
521,-28968,-4388,-32768,1 
522,-8720,1288,-19264,1 
523,4392,152,-20944,1 
524,-4664,-3572,-32768,1 
525,-9836,-2560,-11176,1 
526,-32768,32280,-32768,1 
527,-32768,20364,20612,1 
528,-31080,232,32767,1 
529,9064,15116,32767,1 
530,-32768,21248,32767,1 
531,-32768,20484,32767,1 
532,-32768,15012,32767,1 
533,-22616,14928,32767,1 
534,-29940,14464,32767,1 
535,-25224,11696,32767,1 
536,-11584,7248,32767,1 
537,592,5580,32767,1 
538,2876,4216,32767,1 
539,1180,1312,32767,1 
540,-676,-4364,26636,1 
541,-2748,-8260,3868,1 
542,-8660,-7196,-13556,1 
543,-7216,-4468,-19608,1 
544,-2884,-4376,-24452,1 
545,-7644,-7636,-32768,1 
546,-12520,-10076,-32768,1 
547,-12528,-10248,-32768,1 
548,-10444,-9716,-32768,1 
549,-10808,-9980,-32768,1 
550,-13008,-9904,-32768,1 
551,-12624,-8724,-32768,1 
552,-8184,-7948,-32080,1 
553,-6908,-7352,-23340,1 
554,-32768,-1728,-32768,1 
555,-32768,4472,-4028,1 
556,-32676,4492,26648,1 
557,-23800,5768,29616,1 
558,-32768,8416,32767,1 
559,-32768,10264,32767,1 
560,-32768,10856,32767,1 
561,-32768,11124,32767,1 
562,-32768,10928,32767,1 
563,-27572,10000,32767,1 
564,-16848,8756,32767,1 
565,-3992,7760,32767,1 
566,1012,6376,32767,1 
567,536,3560,32767,1 
568,-2008,812,32767,1 
569,-4864,-2552,24048,1 
570,-5968,-5156,8488,1 
571,-3872,-9268,-3368,1 
572,380,-12268,-19304,1 
573,-368,-14064,-30060,1 
574,-3644,-13612,-32768,1 
575,-4172,-12316,-32768,1 
576,-5572,-11076,-32768,1 
577,-8516,-10980,-32768,1 
578,-9352,-9796,-32768,1 
579,-7860,-9260,-32768,1 
580,-5820,-8168,-32768,1 
581,-4532,-6716,-28372,1 
582,-2280,-5644,-20388,1 
583,1172,-5000,-13764,1 
584,3136,-4660,1544,1 
585,-32768,4160,-32768,1 
586,-32768,15216,24484,1 
587,-30112,7444,32767,1 
588,-11552,9428,32767,1 
589,-32768,14140,32767,1 
590,-32768,15236,32767,1 
591,-32684,13792,32767,1 
592,-25208,13784,32767,1 
593,-26172,13200,32767,1 
594,-24252,11576,32767,1 
595,-17456,8492,32767,1 
596,-6884,6272,32767,1 
597,-576,3944,32767,1 
598,-500,1216,28516,1 
599,-1892,-3076,14300,1 
600,-740,-8388,-3812,1 
601,1600,-11508,-17972,1 
602,184,-12440,-32768,1 
603,-4152,-10844,-32768,1 
604,-4540,-8968,-32768,1 
605,-6156,-9376,-32768,1 
606,-9808,-10480,-32768,1 
607,-10872,-10608,-32768,1 
608,-8844,-10396,-32768,1 
609,-7508,-9976,-32768,1 
610,-5380,-9376,-29948,1 
611,-2188,-8176,-22596,1 
612,1104,-7236,-13644,1 
613,3960,-6592,-8104,1 
614,5148,-5368,-1704,1 
615,-20108,588,-7424,1 
616,-32768,10796,24575,1 
617,-32636,9924,32767,1 
618,-17828,9056,32767,1 
619,-32768,11356,32767,1 
620,-32768,15260,32767,1 
621,-32768,12576,32767,1 
622,-28236,9956,32767,1 
623,-19492,8772,32767,1 
624,-23184,7896,32767,1 
625,-14140,4372,32767,1 
626,-5540,1068,32767,1 
627,1016,-2456,28276,1 
628,5336,-6548,10604,1 
629,8540,-9968,-4992,1 
630,5504,-12260,-22808,1 
631,3472,-9364,-25044,1 
632,4276,-5900,-27996,1 
633,856,-5740,-32768,1 
634,-6200,-6496,-32768,1 
635,-7700,-6648,-32768,1 
636,-5772,-6344,-32768,1 
637,-5272,-6164,-32768,1 
638,-5740,-6088,-32768,1 
639,19060,-8100,-18032,1 
640,32696,-9460,-14240,1 
641,12700,-6644,-26184,1 
642,-2792,-3876,-26412,1 
643,-2788,-1400,-11860,1 
644,1400,2736,23496,1 
645,-32768,14636,-32768,1 
646,-32768,17432,32767,1 
647,980,8764,32767,1 
648,-32768,13260,32767,1 
649,-32768,17844,32767,1 
650,-32768,15908,32767,1 
651,-32768,14312,32767,1 
652,-22576,12460,32767,1 
653,-25096,11136,32767,1 
654,-28692,9640,32767,1 
655,-26596,7592,32767,1 
656,-22496,4588,32767,1 
657,-16156,1768,32524,1 
658,-8496,-2860,18724,1 
659,1228,-6380,1900,1 
660,4804,-9540,-13040,1 
661,2316,-12052,-31404,1 
662,-2972,-11464,-32768,1 
663,-3136,-9300,-32768,1 
664,-4224,-7816,-32768,1 
665,-7660,-6472,-32768,1 
666,-8620,-5896,-32768,1 
667,32767,-11724,-22196,1 
668,32767,-14108,-11328,1 
669,32767,-14356,-32768,1 
670,4592,-13848,-32768,1 
671,-14640,-9580,-32768,1 
672,-12960,-4904,-29940,1 
673,-10184,-3664,-25132,1 
674,-12192,-3636,-25640,1 
675,-12700,-4156,-16224,1 
676,-9536,-4964,3839,1 
677,-32768,14816,-32768,1 
678,-32768,28792,32767,1 
679,-4200,7720,32767,1 
680,-32768,16624,32767,1 
681,-32768,18456,32767,1 
682,-32768,16120,32767,1 
683,-32768,16860,32767,1 
684,-31616,14824,32767,1 
685,-31232,13440,32767,1 
686,-32768,12028,32767,1 
687,-32768,10268,32767,1 
688,-30356,8116,32767,1 
689,-24744,4456,32767,1 
690,-16896,292,21492,1 
691,-13092,-4672,2836,1 
692,-9976,-8960,-15300,1 
693,-10488,-14936,-32768,1 
694,-10636,-21680,-32768,1 
695,-18604,-20304,-32768,1 
696,-20480,-11228,-32768,1 
697,-15520,-5720,-32768,1 
698,-14000,-1428,-32768,1 
699,-12812,-844,-32768,1 
700,23176,-3488,-32724,1 
701,32767,-11312,20776,1 
702,32767,-10896,-16944,1 
703,18120,-11544,-32768,1 
704,-32768,-7420,-32768,1 
705,-24780,120,-26724,1 
706,-636,192,-20040,1 
707,-7208,-3332,-30344,1 
708,-13664,-3420,-21596,1 
709,-5132,-3240,-5504,1 
710,-32768,28728,-32768,1 
711,-32768,18044,32767,1 
712,-5628,-132,32767,1 
713,-1832,16040,23188,1 
714,-32768,18360,32767,1 
715,-32768,16876,32767,1 
716,-31148,13516,32767,1 
717,-20968,13028,32767,1 
718,-12976,11568,32767,1 
719,-5108,8596,32767,1 
720,-908,6300,32767,1 
721,308,3660,32767,1 
722,-2984,1368,32767,1 
723,-8784,-1944,31084,1 
724,-9804,-6896,10884,1 
725,-10192,-9200,-10496,1 
726,-12504,-8584,-24268,1 
727,-9444,-6508,-25800,1 
728,-7052,-5516,-28052,1 
729,-11288,-7124,-32768,1 
730,-17520,-8672,-32768,1 
731,-16872,-9052,-32768,1 
732,-12592,-9216,-32768,1 
733,-12036,-8504,-32768,1 
734,-14980,-7440,-32768,1 
735,-29284,-3480,-32580,1 
736,-32768,76,-19032,1 
737,-32768,1448,-2112,1 
738,-32768,3288,12376,1 
739,-32768,5200,25564,1 
740,-32768,7964,32767,1 
741,-32768,9244,32767,1 
742,-32768,10088,32767,1 
743,-30908,9832,32767,1 
744,-23704,9240,32767,1 
745,-16200,8500,32767,1 
746,-6800,7484,32767,1 
747,424,6332,32767,1 
748,2188,4112,32767,1 
749,792,2008,32767,1 
750,-1028,-1072,27792,1 
751,-3556,-3556,14636,1 
752,-4552,-6948,3612,1 
753,-4752,-10132,-10752,1 
754,-4000,-14332,-21364,1 
755,-2588,-19284,-32120,1 
756,-2880,-21380,-32768,1 
757,-7576,-16428,-32768,1 
758,-10204,-8244,-32768,1 
759,-4916,-920,-32768,1 
760,-2292,2124,-31600,1 
761,-668,3184,-28256,1 
762,1988,2948,-21384,1 
763,4764,1896,-17864,1 
764,4236,236,-13748,1 
765,3988,-504,-6668,1 
766,5792,-892,600,1 
767,7596,-1368,15728,1 
768,-32768,22784,-32768,1 
769,-32768,22632,32767,1 
770,-32180,7964,32767,1 
771,-23800,15404,32767,1 
772,-32768,15152,32767,1 
773,-32768,13812,32767,1 
774,-32768,12332,32767,1 
775,-21108,10008,32767,1 
776,-9916,7296,32767,1 
777,-11784,5180,32767,1 
778,-10596,2132,32767,1 
779,-4132,-616,32767,1 
780,-3120,-4336,21196,1 
781,-4388,-7108,4124,1 
782,-4524,-11748,-8136,1 
783,-2396,-16716,-23420,1 
784,-4144,-19036,-32768,1 
785,-7916,-16416,-32768,1 
786,-7620,-12120,-32768,1 
787,-7388,-7516,-32768,1 
788,-9304,-5988,-32768,1 
789,-9224,-4868,-32768,1 
790,-6644,-4220,-32768,1 
791,-4048,-3652,-32560,1 
792,-3064,-3440,-27616,1 
793,-52,-2988,-17780,1 
794,3768,-2636,-10136,1 
795,5996,-2824,-2240,1 
796,7748,-3280,3024,1 
797,8308,-3544,8876,1 
798,-1024,140,32512,1 
799,-32768,13820,19199,1 
800,-32768,22936,32767,1 
801,-32768,15348,32767,1 
802,-32692,12168,32767,1 
803,-22236,14524,32767,1 
804,-32768,12748,32767,1 
805,-28052,10716,32767,1 
806,-10752,7484,32767,1 
807,-17924,5752,32767,1 
808,-15236,2768,32767,1 
809,-10640,-992,23040,1 
810,-9328,-5356,7468,1 
811,-9132,-9396,-9316,1 
812,-9040,-13440,-22496,1 
813,-8016,-20200,-32768,1 
814,-7580,-23136,-32768,1 
815,-14812,-19796,-32768,1 
816,-15236,-10312,-32768,1 
817,-11024,-4440,-32768,1 
818,-8860,-424,-32768,1 
819,-5328,84,-32768,1 
820,32767,-4984,-4296,1 
821,32767,-4892,-4088,1 
822,32767,-9172,-32768,1 
823,1564,-6628,-32768,1 
824,-10728,-1252,-29380,1 
825,-980,1484,-9664,1 
826,580,484,-15540,1 
827,-5280,-1592,-14176,1 
828,-6604,-992,12504,1 
829,-32768,13820,-32768,1 
830,-32768,14384,32767,1 
831,-6104,9972,32767,1 
832,-27136,14308,32767,1 
833,-32768,18496,32767,1 
834,-32768,14908,32767,1 
835,-32656,13152,32767,1 
836,-17604,10996,32767,1 
837,-20360,10284,32767,1 
838,-32276,9316,32767,1 
839,-32732,6180,32767,1 
840,-25796,3352,32767,1 
841,-17544,272,32767,1 
842,-12488,-2148,21548,1 
843,-4324,-6144,9104,1 
844,1172,-10268,-7936,1 
845,1328,-13364,-22824,1 
846,-2416,-12448,-32768,1 
847,-5252,-9904,-32768,1 
848,-6356,-7148,-32768,1 
849,-9684,-6088,-32768,1 
850,-12120,-5616,-32768,1 
851,-10988,-5440,-32768,1 
852,9124,-9168,-32560,1 
853,32767,-11704,228,1 
854,32767,-9296,-14400,1 
855,22552,-8704,-32768,1 
856,-14148,-5964,-32768,1 
857,-23896,-936,-32584,1 
858,-10248,584,-19740,1 
859,-8316,-1280,-22192,1 
860,-13584,-3968,-24004,1 
861,-15196,-4204,28792,1 
862,-32768,8308,-32768,1 
863,-32768,17816,32767,1 
864,-2856,11692,32767,1 
865,-32768,14992,32767,1 
866,-32768,18420,32767,1 
867,-32768,16144,32767,1 
868,-32768,16588,32767,1 
869,-30884,14852,32767,1 
870,-30920,13196,32767,1 
871,-32768,11288,32767,1 
872,-32768,9144,32767,1 
873,-30120,7276,32767,1 
874,-25672,4464,32767,1 
875,-21528,1572,32752,1 
876,-16236,-2712,20960,1 
877,-12852,-6316,4896,1 
878,-13948,-10348,-10584,1 
879,-14096,-15548,-29440,1 
880,-12560,-21024,-32768,1 
881,-16436,-21732,-32768,1 
882,-21360,-17536,-32768,1 
883,-19264,-9236,-32768,1 
884,-16172,-3140,-32768,1 
885,4568,3512,-32756,1 
886,32767,-10652,-1720,1 
887,32767,-5880,-19392,1 
888,22236,-12724,-32768,1 
889,-18036,-11212,-32768,1 
890,-25460,-2912,-32768,1 
891,-13300,-468,-25096,1 
892,-8688,-1480,-27320,1 
893,-14020,-2152,-26308,1 
894,-11528,-2180,15740,1 
895,-32768,18288,-32768,1 
896,-32768,23492,32767,1 
897,-12212,6392,32767,1 
898,-29696,15112,32767,1 
899,-32768,18056,32767,1 
900,-32768,16976,32767,1 
901,-32768,16016,32767,1 
902,-32680,14316,32767,1 
903,-25864,13276,32767,1 
904,-31736,11332,32767,1 
905,-32752,8848,32767,1 
906,-23060,6520,32767,1 
907,-16060,3412,32767,1 
908,-11804,744,30440,1 
909,-9688,-3968,16076,1 
910,-8552,-7772,-1068,1 
911,-9944,-12408,-17316,1 
912,-9780,-18188,-32768,1 
913,-9808,-20716,-32768,1 
914,-16900,-16308,-32768,1 
915,-17488,-8816,-32768,1 
916,-15204,-2480,-32768,1 
917,-14716,-220,-32768,1 
918,13532,4712,-32692,1 
919,32767,-3624,-17700,1 
920,32767,-5480,-27648,1 
921,16520,-8392,-32768,1 
922,-13308,-7352,-32768,1 
923,-11128,-604,-28208,1 
924,-2784,920,-18376,1 
925,-4096,-108,-18976,1 
926,-4768,276,22264,1 
927,-32768,20816,-32768,1 
928,-32768,24132,32767,1 
929,-19480,4688,32767,1 
930,-15536,10628,32767,1 
931,-32768,15808,32767,1 
932,-32768,14364,32767,1 
933,-32768,9156,32767,1 
934,-18040,7572,32767,1 
935,-22040,7492,32767,1 
936,-20000,6784,32767,1 
937,-6608,4812,32767,1 
938,900,2876,32767,1 
939,3412,472,32767,1 
940,2544,-2720,32767,1 
941,-208,-6056,21760,1 
942,-1044,-10344,2676,1 
943,1072,-11380,-7700,1 
944,4232,-10484,-12408,1 
945,2964,-8704,-24812,1 
946,-3596,-6572,-32768,1 
947,-7756,-5292,-32768,1 
948,-9212,-5556,-32768,1 
949,-8480,-3492,-32768,1 
950,-8204,-2008,-32768,1 
951,-9092,-1412,-32768,1 
952,-9112,-1164,-32768,1 
953,-6800,-2016,-32596,1 
954,-3968,-3180,-25204,1 
955,-904,-3896,-15916,1 
956,2036,-4348,-8308,1 
957,4580,-3784,852,1 
958,1628,-1512,23060,1 
959,-32768,10440,-32768,1 
960,-32768,14816,17020,1 
961,-28860,8292,32767,1 
962,-9956,9200,32767,1 
963,-32768,12408,32767,1 
964,-32768,11056,32767,1 
965,-26456,7604,32767,1 
966,-12692,6440,32767,1 
967,-23328,6512,32767,1 
968,-27068,4864,32767,1 
969,-15472,2980,32767,1 
970,-5172,812,32767,1 
971,-1240,-296,32767,1 
972,4216,-3984,29400,1 
973,11512,-7672,21056,1 
974,16912,-8572,15732,1 
975,13784,-7360,2848,1 
976,8380,-4940,-12592,1 
977,2124,-2824,-21972,1 
978,-104,-2144,-28344,1 
979,-2444,-2780,-31096,1 
980,-3756,-2228,-32768,1 
981,-5148,-1352,-32768,1 
982,-5428,-828,-32768,1 
983,-5076,-1896,-32768,1 
984,-5968,-4592,-32204,1 
985,-4692,-8216,-27480,1 
986,6584,-11328,-15412,1 
987,10252,-10444,-8292,1 
988,3472,-6564,-15232,1 
989,-6092,-1228,-16548,1 
990,-5532,968,-5820,1 
991,-1412,-248,3160,1 
992,-30720,10964,-32768,1 
993,-32768,9240,-32768,1 
994,-32768,4976,32767,1 
995,792,8688,32767,1 
996,-13988,9460,32767,1 
997,-32768,10728,32767,1 
998,-32768,8660,32767,1 
999,-25932,6700,32767,1 
